ticker,earliest_iv_date
AAPL,2006-01-06
ADBE,2006-01-06
AMD,2006-01-06
AMGN,2006-01-06
AMZN,2006-01-06
AXP,2006-01-06
BA,2006-01-06
CAT,2006-01-06
CRM,2006-01-06
CSCO,2006-01-06
CVX,2006-01-06
DIS,2006-01-06
GE,2006-01-06
GOOGL,2006-01-06
GS,2006-01-06
HD,2006-01-06
HON,2006-01-06
IBM,2006-01-06
JNJ,2006-01-06
JPM,2006-01-06
KO,2006-01-06
MCD,2006-01-06
META,2012-05-29
MMM,2006-01-06
MRK,2006-01-06
MSFT,2006-01-06
NFLX,2006-01-06
NKE,2006-01-06
NVDA,2006-01-06
ORCL,2006-01-06
PG,2006-01-06
PM,2008-03-31
SHW,2006-01-06
TRV,2006-01-06
TSLA,2010-07-08
UNH,2006-01-06
V,2008-03-28
VZ,2006-01-06
WMT,2006-01-06
XOM,2006-01-06
SPY,2006-01-06
